"Operadora";"Plano";"Modalidade";"Acomodacao";"Coparticipacao";"Abrangencia";"Tabela";"Vigencia inicio";"Vigencia fim";"Tipo contratacao";"Codigo interno";"Observacoes";"Condicoes";"Status";"0-18 1 vida";"0-18 2 ou mais vidas";"0-18 empresarial";"19-23 1 vida";"19-23 2 ou mais vidas";"19-23 empresarial";"24-28 1 vida";"24-28 2 ou mais vidas";"24-28 empresarial";"29-33 1 vida";"29-33 2 ou mais vidas";"29-33 empresarial";"34-38 1 vida";"34-38 2 ou mais vidas";"34-38 empresarial";"39-43 1 vida";"39-43 2 ou mais vidas";"39-43 empresarial";"44-48 1 vida";"44-48 2 ou mais vidas";"44-48 empresarial";"49-53 1 vida";"49-53 2 ou mais vidas";"49-53 empresarial";"54-58 1 vida";"54-58 2 ou mais vidas";"54-58 empresarial";"59+ 1 vida";"59+ 2 ou mais vidas";"59+ empresarial"
"Unimed Maceió";"UNI Amplo+";"Coparticipativo";"Apartamento";"Sim";"Estadual";"UNI Amplo+ · Empresarial (PJ) · até 30/09/2026";"";"30/09/2026";"Empresarial (PJ)";"502.592/25-3";"";"{""fonte"":""Material Unimed Maceió com validade até 30/09/2026"",""carencias"":[{""prazo"":""24 horas"",""cobertura"":""Urgência e emergência""},{""prazo"":""30 dias"",""cobertura"":""Consultas, exames laboratoriais simples e raio-X sem contraste""},{""prazo"":""180 dias"",""cobertura"":""Exames especiais e complexos, terapias, cirurgias, internações e demais procedimentos, conforme contrato""},{""prazo"":""300 dias"",""cobertura"":""Parto""},{""prazo"":""24 meses"",""cobertura"":""Preexistência""}],""adicionais"":[{""nome"":""Uniodonto"",""descricao"":""Atendimento odontológico para toda a família"",""valor_por_vida"":31.65},{""nome"":""SOS Unimed"",""descricao"":""Atendimento rápido em Maceió"",""valor_por_vida"":10.41},{""nome"":""Aeromédica"",""descricao"":""Transferência de urgência"",""valor_por_vida"":4.99}],""coparticipacao"":{""consultas"":{""valor"":25},""emergencia"":{""valor"":35},""exames"":{""percentual"":30,""limite"":150,""por"":""procedimento""},""terapias"":{""percentual"":40,""limite"":150,""por"":""procedimento""},""observacao"":""Coparticipação de até R$ 250/mês por família, exceto terapias. Excedente transferido ao mês seguinte. Isenção nos Serviços Próprios, exceto terapias, indicada até 30/04/2026.""}}";"em_revisao";"";"";"517,57";"";"";"548,62";"";"";"565,08";"";"";"582,03";"";"";"628,59";"";"";"722,89";"";"";"1.009,88";"";"";"1.292,63";"";"";"1.641,64";"";"";"1.953,56"
"Unimed Maceió";"UNI Amplo+";"Coparticipativo";"Enfermaria";"Sim";"Estadual";"UNI Amplo+ · Empresarial (PJ) · até 30/09/2026";"";"30/09/2026";"Empresarial (PJ)";"502.589/25-3";"";"{""fonte"":""Material Unimed Maceió com validade até 30/09/2026"",""carencias"":[{""prazo"":""24 horas"",""cobertura"":""Urgência e emergência""},{""prazo"":""30 dias"",""cobertura"":""Consultas, exames laboratoriais simples e raio-X sem contraste""},{""prazo"":""180 dias"",""cobertura"":""Exames especiais e complexos, terapias, cirurgias, internações e demais procedimentos, conforme contrato""},{""prazo"":""300 dias"",""cobertura"":""Parto""},{""prazo"":""24 meses"",""cobertura"":""Preexistência""}],""adicionais"":[{""nome"":""Uniodonto"",""descricao"":""Atendimento odontológico para toda a família"",""valor_por_vida"":31.65},{""nome"":""SOS Unimed"",""descricao"":""Atendimento rápido em Maceió"",""valor_por_vida"":10.41},{""nome"":""Aeromédica"",""descricao"":""Transferência de urgência"",""valor_por_vida"":4.99}],""coparticipacao"":{""consultas"":{""valor"":25},""emergencia"":{""valor"":35},""exames"":{""percentual"":30,""limite"":150,""por"":""procedimento""},""terapias"":{""percentual"":40,""limite"":150,""por"":""procedimento""},""observacao"":""Coparticipação de até R$ 250/mês por família, exceto terapias. Excedente transferido ao mês seguinte. Isenção nos Serviços Próprios, exceto terapias, indicada até 30/04/2026.""}}";"em_revisao";"";"";"429,78";"";"";"455,57";"";"";"469,23";"";"";"483,31";"";"";"521,97";"";"";"600,26";"";"";"838,57";"";"";"1.073,37";"";"";"1.363,18";"";"";"1.622,18"
"Unimed Maceió";"UNI Amplo";"Coparticipativo";"Apartamento";"Sim";"Estadual";"UNI Amplo · Individual · até 30/09/2026";"";"30/09/2026";"Individual";"502.588/25-5";"";"{""fonte"":""Material Unimed Maceió com validade até 30/09/2026""}";"em_revisao";"460,71";"445,13";"";"496,32";"479,54";"";"572,56";"553,20";"";"708,14";"684,19";"";"845,02";"816,45";"";"1.031,01";"996,15";"";"1.292,37";"1.248,67";"";"1.615,47";"1.560,84";"";"2.162,47";"2.089,34";"";"2.760,39";"2.667,04";""
"Unimed Maceió";"UNI Amplo";"Coparticipativo";"Apartamento";"Sim";"Estadual";"UNI Amplo · Empresarial (PJ) · até 30/09/2026";"";"30/09/2026";"Empresarial (PJ)";"502.592/25-3";"";"{""fonte"":""Material Unimed Maceió com validade até 30/09/2026"",""carencias"":[{""prazo"":""24 horas"",""cobertura"":""Urgência e emergência""},{""prazo"":""30 dias"",""cobertura"":""Consultas, exames laboratoriais simples e raio-X sem contraste""},{""prazo"":""180 dias"",""cobertura"":""Exames especiais e complexos, terapias, cirurgias, internações e demais procedimentos, conforme contrato""},{""prazo"":""300 dias"",""cobertura"":""Parto""},{""prazo"":""24 meses"",""cobertura"":""Preexistência""}],""adicionais"":[{""nome"":""Uniodonto"",""descricao"":""Atendimento odontológico para toda a família"",""valor_por_vida"":31.65},{""nome"":""SOS Unimed"",""descricao"":""Atendimento rápido em Maceió"",""valor_por_vida"":10.41},{""nome"":""Aeromédica"",""descricao"":""Transferência de urgência"",""valor_por_vida"":4.99}],""coparticipacao"":{""consultas"":{""valor"":25},""emergencia"":{""valor"":35},""exames"":{""percentual"":30,""limite"":150,""por"":""procedimento""},""terapias"":{""percentual"":40,""limite"":150,""por"":""procedimento""}}}";"em_revisao";"";"";"479,23";"";"";"507,98";"";"";"523,22";"";"";"538,92";"";"";"582,03";"";"";"669,34";"";"";"935,07";"";"";"1.196,88";"";"";"1.520,04";"";"";"1.808,85"
"Unimed Maceió";"UNI Amplo";"Coparticipativo";"Enfermaria";"Sim";"Estadual";"UNI Amplo · Individual · até 30/09/2026";"";"30/09/2026";"Individual";"502.587/25-7";"";"{""fonte"":""Material Unimed Maceió com validade até 30/09/2026""}";"em_revisao";"376,71";"362,22";"";"405,83";"390,22";"";"468,17";"450,16";"";"579,03";"556,76";"";"690,95";"664,38";"";"843,03";"810,61";"";"1.056,74";"1.016,10";"";"1.320,92";"1.270,12";"";"1.768,19";"1.700,18";"";"2.257,09";"2.170,28";""
"Unimed Maceió";"UNI Amplo";"Coparticipativo";"Enfermaria";"Sim";"Estadual";"UNI Amplo · Empresarial (PJ) · até 30/09/2026";"";"30/09/2026";"Empresarial (PJ)";"502.589/25-3";"";"{""fonte"":""Material Unimed Maceió com validade até 30/09/2026"",""carencias"":[{""prazo"":""24 horas"",""cobertura"":""Urgência e emergência""},{""prazo"":""30 dias"",""cobertura"":""Consultas, exames laboratoriais simples e raio-X sem contraste""},{""prazo"":""180 dias"",""cobertura"":""Exames especiais e complexos, terapias, cirurgias, internações e demais procedimentos, conforme contrato""},{""prazo"":""300 dias"",""cobertura"":""Parto""},{""prazo"":""24 meses"",""cobertura"":""Preexistência""}],""adicionais"":[{""nome"":""Uniodonto"",""descricao"":""Atendimento odontológico para toda a família"",""valor_por_vida"":31.65},{""nome"":""SOS Unimed"",""descricao"":""Atendimento rápido em Maceió"",""valor_por_vida"":10.41},{""nome"":""Aeromédica"",""descricao"":""Transferência de urgência"",""valor_por_vida"":4.99}],""coparticipacao"":{""consultas"":{""valor"":25},""emergencia"":{""valor"":35},""exames"":{""percentual"":30,""limite"":150,""por"":""procedimento""},""terapias"":{""percentual"":40,""limite"":150,""por"":""procedimento""}}}";"em_revisao";"";"";"397,94";"";"";"421,82";"";"";"434,47";"";"";"447,51";"";"";"483,31";"";"";"555,80";"";"";"776,45";"";"";"993,86";"";"";"1.262,20";"";"";"1.502,02"
"Unimed Maceió";"UNI Essencial+ Flex 1";"Coparticipação flex 1";"Enfermaria";"Sim";"Grupo de Municípios";"UNI Essencial+ Flex 1 · Individual · até 30/09/2026";"";"30/09/2026";"Individual";"502.585/25-1";"";"{""fonte"":""Material Unimed Maceió com validade até 30/09/2026""}";"em_revisao";"291,83";"276,09";"";"306,42";"289,89";"";"337,06";"318,88";"";"370,77";"350,77";"";"444,92";"420,93";"";"542,80";"513,53";"";"694,79";"657,32";"";"868,48";"821,65";"";"1.172,45";"1.109,23";"";"1.629,71";"1.541,82";""
"Unimed Maceió";"UNI Essencial+ Flex 1";"Coparticipação flex 1";"Enfermaria";"Sim";"Grupo de Municípios";"UNI Essencial+ Flex 1 · Empresarial (PJ) · até 30/09/2026";"";"30/09/2026";"Empresarial (PJ)";"502.586/25-9";"";"{""fonte"":""Material Unimed Maceió com validade até 30/09/2026"",""carencias"":[{""prazo"":""24 horas"",""cobertura"":""Urgência e emergência""},{""prazo"":""30 dias"",""cobertura"":""Consultas, exames laboratoriais simples e raio-X sem contraste""},{""prazo"":""180 dias"",""cobertura"":""Exames especiais e complexos, terapias, cirurgias, internações e demais procedimentos, conforme contrato""},{""prazo"":""300 dias"",""cobertura"":""Parto""},{""prazo"":""24 meses"",""cobertura"":""Preexistência""}],""adicionais"":[{""nome"":""Uniodonto"",""descricao"":""Atendimento odontológico para toda a família"",""valor_por_vida"":31.65},{""nome"":""SOS Unimed"",""descricao"":""Atendimento rápido em Maceió"",""valor_por_vida"":10.41},{""nome"":""Aeromédica"",""descricao"":""Transferência de urgência"",""valor_por_vida"":4.99}],""coparticipacao"":{""consultas"":{""valor"":38},""emergencia"":{""valor"":48},""exames"":{""percentual"":40,""limite"":200,""por"":""procedimento""},""terapias"":{""percentual"":40,""limite"":150,""por"":""procedimento""}}}";"em_revisao";"";"";"253,16";"";"";"268,35";"";"";"276,40";"";"";"284,69";"";"";"307,47";"";"";"353,59";"";"";"493,96";"";"";"632,27";"";"";"802,98";"";"";"955,55"
"Unimed Maceió";"UNI Essencial+ Flex 2";"Coparticipação flex 2";"Enfermaria";"Sim";"Grupo de Municípios";"UNI Essencial+ Flex 2 · Individual · até 30/09/2026";"";"30/09/2026";"Individual";"502.585/25-1";"";"{""fonte"":""Material Unimed Maceió com validade até 30/09/2026""}";"em_revisao";"320,39";"303,11";"";"336,41";"318,27";"";"370,05";"350,09";"";"407,05";"385,10";"";"488,46";"462,12";"";"595,92";"563,79";"";"762,78";"721,65";"";"953,48";"902,06";"";"1.287,20";"1.217,78";"";"1.789,20";"1.692,72";""
"Unimed Maceió";"UNI Essencial+ Flex 2";"Coparticipação flex 2";"Enfermaria";"Sim";"Grupo de Municípios";"UNI Essencial+ Flex 2 · Empresarial (PJ) · até 30/09/2026";"";"30/09/2026";"Empresarial (PJ)";"502.586/25-9";"";"{""fonte"":""Material Unimed Maceió com validade até 30/09/2026"",""carencias"":[{""prazo"":""24 horas"",""cobertura"":""Urgência e emergência""},{""prazo"":""30 dias"",""cobertura"":""Consultas, exames laboratoriais simples e raio-X sem contraste""},{""prazo"":""180 dias"",""cobertura"":""Exames especiais e complexos, terapias, cirurgias, internações e demais procedimentos, conforme contrato""},{""prazo"":""300 dias"",""cobertura"":""Parto""},{""prazo"":""24 meses"",""cobertura"":""Preexistência""}],""adicionais"":[{""nome"":""Uniodonto"",""descricao"":""Atendimento odontológico para toda a família"",""valor_por_vida"":31.65},{""nome"":""SOS Unimed"",""descricao"":""Atendimento rápido em Maceió"",""valor_por_vida"":10.41},{""nome"":""Aeromédica"",""descricao"":""Transferência de urgência"",""valor_por_vida"":4.99}],""coparticipacao"":{""consultas"":{""valor"":20},""emergencia"":{""valor"":30},""exames"":{""percentual"":20,""limite"":100,""por"":""procedimento""},""terapias"":{""percentual"":40,""limite"":150,""por"":""procedimento""}}}";"em_revisao";"";"";"294,07";"";"";"311,71";"";"";"321,07";"";"";"330,70";"";"";"357,15";"";"";"410,73";"";"";"573,78";"";"";"734,44";"";"";"932,74";"";"";"1.109,97"
"Unimed Maceió";"UNI Exclusivamente Ambulatorial";"Coparticipativo";"Ambulatorial";"Sim";"Grupo de Municípios";"UNI Exclusivamente Ambulatorial · Empresarial (PJ) · até 30/09/2026";"";"30/09/2026";"Empresarial (PJ)";"505.068/25-5";"";"{""fonte"":""Material Unimed Maceió com validade até 30/09/2026"",""carencias"":[{""prazo"":""24 horas"",""cobertura"":""Urgência e emergência""},{""prazo"":""30 dias"",""cobertura"":""Consultas, exames laboratoriais simples e raio-X sem contraste""},{""prazo"":""180 dias"",""cobertura"":""Exames especiais e complexos, terapias, cirurgias, internações e demais procedimentos, conforme contrato""},{""prazo"":""300 dias"",""cobertura"":""Parto""},{""prazo"":""24 meses"",""cobertura"":""Preexistência""}],""adicionais"":[{""nome"":""Uniodonto"",""descricao"":""Atendimento odontológico para toda a família"",""valor_por_vida"":31.65},{""nome"":""SOS Unimed"",""descricao"":""Atendimento rápido em Maceió"",""valor_por_vida"":10.41},{""nome"":""Aeromédica"",""descricao"":""Transferência de urgência"",""valor_por_vida"":4.99}],""coparticipacao"":""A imagem não especifica os valores de coparticipação para este plano.""}";"em_revisao";"";"";"209,38";"";"";"219,85";"";"";"235,24";"";"";"258,76";"";"";"284,63";"";"";"313,10";"";"";"344,41";"";"";"396,07";"";"";"455,49";"";"";"523,81"
"Unimed Maceió";"UNI Pleno · até 29 vidas";"Coparticipativo";"Apartamento";"Sim";"Maceió";"UNI Pleno · até 29 vidas · Empresarial (PJ) · até 30/09/2026";"";"30/09/2026";"Empresarial (PJ)";"484.372/19-0";"";"{""fonte"":""Material Unimed Maceió com validade até 30/09/2026"",""carencias"":[{""prazo"":""24 horas"",""cobertura"":""Urgência e emergência""},{""prazo"":""30 dias"",""cobertura"":""Consultas, exames laboratoriais simples e raio-X sem contraste""},{""prazo"":""180 dias"",""cobertura"":""Exames especiais e complexos, terapias, cirurgias, internações e demais procedimentos, conforme contrato""},{""prazo"":""300 dias"",""cobertura"":""Parto""},{""prazo"":""24 meses"",""cobertura"":""Preexistência""}],""adicionais"":[{""nome"":""Uniodonto"",""descricao"":""Atendimento odontológico para toda a família"",""valor_por_vida"":31.65},{""nome"":""SOS Unimed"",""descricao"":""Atendimento rápido em Maceió"",""valor_por_vida"":10.41},{""nome"":""Aeromédica"",""descricao"":""Transferência de urgência"",""valor_por_vida"":4.99}],""coparticipacao"":{""consultas"":null,""emergencia"":{""valor"":35},""exames"":null,""terapias"":null}}";"em_revisao";"";"";"316,75";"";"";"341,23";"";"";"393,65";"";"";"486,86";"";"";"580,98";"";"";"708,85";"";"";"888,54";"";"";"1.110,68";"";"";"1.486,75";"";"";"1.897,84"
"Unimed Maceió";"UNI Pleno · até 29 vidas";"Coparticipativo";"Enfermaria";"Sim";"Maceió";"UNI Pleno · até 29 vidas · Empresarial (PJ) · até 30/09/2026";"";"30/09/2026";"Empresarial (PJ)";"484.371/19-1";"";"{""fonte"":""Material Unimed Maceió com validade até 30/09/2026"",""carencias"":[{""prazo"":""24 horas"",""cobertura"":""Urgência e emergência""},{""prazo"":""30 dias"",""cobertura"":""Consultas, exames laboratoriais simples e raio-X sem contraste""},{""prazo"":""180 dias"",""cobertura"":""Exames especiais e complexos, terapias, cirurgias, internações e demais procedimentos, conforme contrato""},{""prazo"":""300 dias"",""cobertura"":""Parto""},{""prazo"":""24 meses"",""cobertura"":""Preexistência""}],""adicionais"":[{""nome"":""Uniodonto"",""descricao"":""Atendimento odontológico para toda a família"",""valor_por_vida"":31.65},{""nome"":""SOS Unimed"",""descricao"":""Atendimento rápido em Maceió"",""valor_por_vida"":10.41},{""nome"":""Aeromédica"",""descricao"":""Transferência de urgência"",""valor_por_vida"":4.99}],""coparticipacao"":{""consultas"":null,""emergencia"":{""valor"":35},""exames"":null,""terapias"":null}}";"em_revisao";"";"";"262,58";"";"";"282,88";"";"";"326,33";"";"";"403,60";"";"";"481,62";"";"";"587,62";"";"";"736,58";"";"";"920,73";"";"";"1.232,49";"";"";"1.573,27"
"Unimed Maceió";"UNI Premium";"Nacional · Rede Especial";"Apartamento";"Sim";"Nacional";"UNI Premium · Empresarial (PJ) · até 30/09/2026";"";"30/09/2026";"Empresarial (PJ)";"507.167/25-4";"";"{""fonte"":""Material Unimed Maceió com validade até 30/09/2026"",""carencias"":[{""prazo"":""24 horas"",""cobertura"":""Urgência e emergência""},{""prazo"":""30 dias"",""cobertura"":""Consultas, exames laboratoriais simples e raio-X sem contraste""},{""prazo"":""180 dias"",""cobertura"":""Exames especiais e complexos, terapias, cirurgias, internações e demais procedimentos, conforme contrato""},{""prazo"":""300 dias"",""cobertura"":""Parto""},{""prazo"":""24 meses"",""cobertura"":""Preexistência""}],""adicionais"":[{""nome"":""Uniodonto"",""descricao"":""Atendimento odontológico para toda a família"",""valor_por_vida"":31.65},{""nome"":""SOS Unimed"",""descricao"":""Atendimento rápido em Maceió"",""valor_por_vida"":10.41},{""nome"":""Aeromédica"",""descricao"":""Transferência de urgência"",""valor_por_vida"":4.99}],""coparticipacao"":{""consultas"":{""valor"":25},""emergencia"":{""valor"":35},""exames"":{""percentual"":30,""limite"":150,""por"":""procedimento""},""terapias"":{""percentual"":40,""limite"":150,""por"":""procedimento""}}}";"em_revisao";"";"";"557,71";"";"";"591,17";"";"";"608,91";"";"";"627,18";"";"";"677,35";"";"";"778,95";"";"";"1.088,20";"";"";"1.392,89";"";"";"1.768,97";"";"";"2.105,07"
"Unimed Maceió";"UNI Premium";"Rede Especial";"Apartamento";"Sim";"Nacional";"UNI Premium · Individual · até 30/09/2026";"";"30/09/2026";"Individual";"507.168/25-2";"";"{""fonte"":""Material Unimed Maceió com validade até 30/09/2026""}";"em_revisao";"625,33";"591,61";"";"656,60";"621,19";"";"722,26";"683,31";"";"794,48";"751,64";"";"953,38";"901,97";"";"1.163,12";"1.100,40";"";"1.488,80";"1.408,51";"";"1.861,00";"1.760,64";"";"2.512,35";"2.376,87";"";"3.492,17";"3.303,85";""
"Unimed Maceió";"UNI Referência";"Coparticipativo";"Enfermaria";"Sim";"Municipal";"UNI Referência · Individual · até 30/09/2026";"";"30/09/2026";"Individual";"504.755/25-2";"A fonte apresenta percentuais por faixa sem explicar sua finalidade; conferir antes de usar esse percentual na cotação.";"{""fonte"":""Material Unimed Maceió com validade até 30/09/2026"",""percentuais_mostrados_na_fonte"":["""",""5%"",""10%"",""10%"",""20%"",""22%"",""28%"",""25%"",""35%"",""39%""]}";"em_revisao";"1.470,44";"";"";"1.543,96";"";"";"1.698,36";"";"";"1.868,19";"";"";"2.241,83";"";"";"2.735,04";"";"";"3.500,85";"";"";"4.376,06";"";"";"5.907,68";"";"";"8.211,67";"";""
